zip_path,is_dir,size_bytes,compressed_bytes,ext,top,lvl2
WORKSPACE_LAYOUT_v1.md,False,1421,747,.md,WORKSPACE_LAYOUT_v1.md,WORKSPACE_LAYOUT_v1.md
__MACOSX/._WORKSPACE_LAYOUT_v1.md,False,163,86,.md,__MACOSX,__MACOSX/._WORKSPACE_LAYOUT_v1.md
__MACOSX/._a2_derived_indices_noncanonical,False,163,86,,__MACOSX,__MACOSX/._a2_derived_indices_noncanonical
__MACOSX/._a2_state,False,163,86,,__MACOSX,__MACOSX/._a2_state
__MACOSX/._conformance,False,163,86,,__MACOSX,__MACOSX/._conformance
__MACOSX/._public_facing_docs,False,163,86,,__MACOSX,__MACOSX/._public_facing_docs
__MACOSX/._specs,False,163,86,,__MACOSX,__MACOSX/._specs
__MACOSX/._tools,False,163,86,,__MACOSX,__MACOSX/._tools
__MACOSX/a2_derived_indices_noncanonical/._README.md,False,163,86,.md,__MACOSX,__MACOSX/a2_derived_indices_noncanonical
__MACOSX/a2_derived_indices_noncanonical/._brain_manifest.yaml,False,163,86,.yaml,__MACOSX,__MACOSX/a2_derived_indices_noncanonical
__MACOSX/a2_derived_indices_noncanonical/._contradictions.yaml,False,163,86,.yaml,__MACOSX,__MACOSX/a2_derived_indices_noncanonical
__MACOSX/a2_derived_indices_noncanonical/._decisions.yaml,False,163,86,.yaml,__MACOSX,__MACOSX/a2_derived_indices_noncanonical
__MACOSX/a2_derived_indices_noncanonical/._memory_log.000.jsonl,False,163,86,.jsonl,__MACOSX,__MACOSX/a2_derived_indices_noncanonical
__MACOSX/a2_derived_indices_noncanonical/._pending_actions.yaml,False,163,86,.yaml,__MACOSX,__MACOSX/a2_derived_indices_noncanonical
__MACOSX/a2_derived_indices_noncanonical/._thread_seals.000.jsonl,False,163,86,.jsonl,__MACOSX,__MACOSX/a2_derived_indices_noncanonical
__MACOSX/a2_state/._INTENT_SUMMARY.md,False,269,163,.md,__MACOSX,__MACOSX/a2_state
__MACOSX/a2_state/._MODEL_CONTEXT.md,False,269,163,.md,__MACOSX,__MACOSX/a2_state
__MACOSX/a2_state/._constraint_surface.json,False,163,86,.json,__MACOSX,__MACOSX/a2_state
__MACOSX/a2_state/._doc_index.json,False,163,86,.json,__MACOSX,__MACOSX/a2_state
__MACOSX/a2_state/._fuel_queue.json,False,163,86,.json,__MACOSX,__MACOSX/a2_state
__MACOSX/a2_state/._memory.jsonl,False,163,86,.jsonl,__MACOSX,__MACOSX/a2_state
__MACOSX/a2_state/._rosetta.json,False,163,86,.json,__MACOSX,__MACOSX/a2_state
__MACOSX/conformance/._.DS_Store,False,120,53,.ds_store,__MACOSX,__MACOSX/conformance
__MACOSX/conformance/._fixtures_v1,False,163,86,,__MACOSX,__MACOSX/conformance
__MACOSX/conformance/fixtures_v1/._.DS_Store,False,120,53,.ds_store,__MACOSX,__MACOSX/conformance
__MACOSX/conformance/fixtures_v1/._README.md,False,163,86,.md,__MACOSX,__MACOSX/conformance
__MACOSX/conformance/fixtures_v1/._expected_outcomes.json,False,163,86,.json,__MACOSX,__MACOSX/conformance
__MACOSX/conformance/fixtures_v1/._fixtures,False,163,86,,__MACOSX,__MACOSX/conformance
__MACOSX/conformance/fixtures_v1/._manifest.json,False,163,86,.json,__MACOSX,__MACOSX/conformance
__MACOSX/conformance/fixtures_v1/._observed_results.template.json,False,163,86,.json,__MACOSX,__MACOSX/conformance
__MACOSX/conformance/fixtures_v1/fixtures/._FIX_DEP_001_FORWARD_REFERENCE_PARK.txt,False,163,86,.txt,__MACOSX,__MACOSX/conformance
__MACOSX/conformance/fixtures_v1/fixtures/._FIX_DERIVED_001_PRIMITIVE_USE_REJECT.txt,False,163,86,.txt,__MACOSX,__MACOSX/conformance
__MACOSX/conformance/fixtures_v1/fixtures/._FIX_EVID_001_PASS_EXISTING_PENDING_TOKEN.txt,False,163,86,.txt,__MACOSX,__MACOSX/conformance
__MACOSX/conformance/fixtures_v1/fixtures/._FIX_EVID_002_REJECT_UNKNOWN_TARGET.txt,False,163,86,.txt,__MACOSX,__MACOSX/conformance
__MACOSX/conformance/fixtures_v1/fixtures/._FIX_FORMULA_001_GLYPH_REJECT.txt,False,163,86,.txt,__MACOSX,__MACOSX/conformance
__MACOSX/conformance/fixtures_v1/fixtures/._FIX_LEX_001_UNDEFINED_COMPONENT_PARK.txt,False,163,86,.txt,__MACOSX,__MACOSX/conformance
__MACOSX/conformance/fixtures_v1/fixtures/._FIX_MSG_001_PASS_COMMAND_REPORT_STATE.txt,False,163,86,.txt,__MACOSX,__MACOSX/conformance
__MACOSX/conformance/fixtures_v1/fixtures/._FIX_MSG_002_REJECT_PROSE_PLUS_COMMAND.txt,False,163,86,.txt,__MACOSX,__MACOSX/conformance
__MACOSX/conformance/fixtures_v1/fixtures/._FIX_NEAR_001_PARK_NEAR_DUPLICATE.txt,False,163,86,.txt,__MACOSX,__MACOSX/conformance
__MACOSX/conformance/fixtures_v1/fixtures/._FIX_PROBE_001_PRESSURE_PARK.txt,False,163,86,.txt,__MACOSX,__MACOSX/conformance
__MACOSX/conformance/fixtures_v1/fixtures/._FIX_SCHEMA_001_BAD_EXPORT_HEADER_REJECT.txt,False,163,86,.txt,__MACOSX,__MACOSX/conformance
__MACOSX/conformance/fixtures_v1/fixtures/._FIX_UNDEF_001_TERM_REJECT.txt,False,163,86,.txt,__MACOSX,__MACOSX/conformance
__MACOSX/public_facing_docs/._00_PUBLIC_FACING_SYSTEM_INTENT_AND_CONSTRAINTS_ON_INTERPRETATION_v1.md,False,163,86,.md,__MACOSX,__MACOSX/public_facing_docs
__MACOSX/public_facing_docs/._01_PUBLIC_FACING_LAYERED_ARCHITECTURE_AND_ENTROPY_BOUNDARY_v1.md,False,163,86,.md,__MACOSX,__MACOSX/public_facing_docs
__MACOSX/public_facing_docs/._02_PUBLIC_FACING_FLOWMIND_A3_HOSTING_INTERFACE_CONTRACT_v1.md,False,163,86,.md,__MACOSX,__MACOSX/public_facing_docs
__MACOSX/specs/._.DS_Store,False,120,53,.ds_store,__MACOSX,__MACOSX/specs
__MACOSX/specs/._00_MANIFEST.md,False,269,157,.md,__MACOSX,__MACOSX/specs
__MACOSX/specs/._01_REQUIREMENTS_LEDGER.md,False,269,158,.md,__MACOSX,__MACOSX/specs
__MACOSX/specs/._02_OWNERSHIP_MAP.md,False,269,157,.md,__MACOSX,__MACOSX/specs
__MACOSX/specs/._03_B_KERNEL_SPEC.md,False,269,157,.md,__MACOSX,__MACOSX/specs
__MACOSX/specs/._04_A0_COMPILER_SPEC.md,False,163,86,.md,__MACOSX,__MACOSX/specs
__MACOSX/specs/._05_A1_STRATEGY_AND_REPAIR_SPEC.md,False,163,86,.md,__MACOSX,__MACOSX/specs
__MACOSX/specs/._06_SIM_EVIDENCE_AND_TIERS_SPEC.md,False,163,86,.md,__MACOSX,__MACOSX/specs
__MACOSX/specs/._07_A2_OPERATIONS_SPEC.md,False,163,86,.md,__MACOSX,__MACOSX/specs
__MACOSX/specs/._08_PIPELINE_AND_STATE_FLOW_SPEC.md,False,163,86,.md,__MACOSX,__MACOSX/specs
__MACOSX/specs/._09_CONFORMANCE_AND_REDUNDANCY_GATES.md,False,163,86,.md,__MACOSX,__MACOSX/specs
__MACOSX/specs/._10_INITIAL_AUDIT_REPORT.md,False,163,86,.md,__MACOSX,__MACOSX/specs
__MACOSX/specs/._11_MIGRATION_HANDOFF_SPEC.md,False,163,86,.md,__MACOSX,__MACOSX/specs
__MACOSX/specs/._12_BOOTPACK_SYNC_AUDIT_SPEC.md,False,163,86,.md,__MACOSX,__MACOSX/specs
__MACOSX/specs/._13_CONTENT_REDUNDANCY_LINT_SPEC.md,False,163,86,.md,__MACOSX,__MACOSX/specs
__MACOSX/specs/._14_A_THREAD_BOOTPACK_PROJECTION.md,False,163,86,.md,__MACOSX,__MACOSX/specs
__MACOSX/specs/._15_ROSETTA_AND_MINING_ARTIFACTS.md,False,163,86,.md,__MACOSX,__MACOSX/specs
__MACOSX/specs/._16_ZIP_SAVE_AND_TAPES_SPEC.md,False,163,86,.md,__MACOSX,__MACOSX/specs
__MACOSX/specs/._17_BOOTPACK_THREAD_B_v3.9.13_ENFORCEABLE_CONTRACT_EXTRACT_FOR_IMPLEMENTATION_v1.md,False,263,128,.md,__MACOSX,__MACOSX/specs
__MACOSX/specs/._18_A1_WIGGLE_EXECUTION_CONTRACT.md,False,163,86,.md,__MACOSX,__MACOSX/specs
__MACOSX/specs/._19_A2_PERSISTENT_BRAIN_AND_CONTEXT_SEAL_CONTRACT.md,False,163,86,.md,__MACOSX,__MACOSX/specs
__MACOSX/specs/._20_CONTROLLED_TUNING_AND_UPGRADE_CONTRACT.md,False,163,86,.md,__MACOSX,__MACOSX/specs
__MACOSX/specs/._21_IMPLEMENTATION_BUILD_SEQUENCE_AND_ACCEPTANCE_MATRIX.md,False,163,86,.md,__MACOSX,__MACOSX/specs
__MACOSX/specs/._22_RUN_SURFACE_TEMPLATE_AND_SCAFFOLDER_CONTRACT.md,False,163,86,.md,__MACOSX,__MACOSX/specs
__MACOSX/specs/._23_BOOTPACK_CONFORMANCE_FIXTURE_MATRIX_CONTRACT.md,False,163,86,.md,__MACOSX,__MACOSX/specs
__MACOSX/specs/.__normative_hash_baseline.json,False,163,86,.json,__MACOSX,__MACOSX/specs
__MACOSX/specs/._reports,False,163,86,,__MACOSX,__MACOSX/specs
__MACOSX/specs/reports/._authority_extract_report.json,False,163,86,.json,__MACOSX,__MACOSX/specs
__MACOSX/specs/reports/._authority_gap_report.json,False,163,86,.json,__MACOSX,__MACOSX/specs
__MACOSX/specs/reports/._bootpack_sync_report.json,False,163,86,.json,__MACOSX,__MACOSX/specs
__MACOSX/specs/reports/._content_redundancy_report.json,False,163,86,.json,__MACOSX,__MACOSX/specs
__MACOSX/specs/reports/._legacy_extract_report.json,False,163,86,.json,__MACOSX,__MACOSX/specs
__MACOSX/specs/reports/._migration_inventory.json,False,163,86,.json,__MACOSX,__MACOSX/specs
__MACOSX/specs/reports/._migration_mapping.json,False,163,86,.json,__MACOSX,__MACOSX/specs
__MACOSX/specs/reports/._migration_promotion_report.json,False,163,86,.json,__MACOSX,__MACOSX/specs
__MACOSX/specs/reports/._migration_unknowns.json,False,163,86,.json,__MACOSX,__MACOSX/specs
__MACOSX/specs/reports/._normative_hash_report.json,False,163,86,.json,__MACOSX,__MACOSX/specs
__MACOSX/specs/reports/._orphan_requirements_report.json,False,163,86,.json,__MACOSX,__MACOSX/specs
__MACOSX/specs/reports/._owner_collision_report.json,False,163,86,.json,__MACOSX,__MACOSX/specs
__MACOSX/specs/reports/._redundancy_report.json,False,163,86,.json,__MACOSX,__MACOSX/specs
__MACOSX/tools/._.DS_Store,False,120,53,.ds_store,__MACOSX,__MACOSX/tools
__MACOSX/tools/.___pycache__,False,163,86,,__MACOSX,__MACOSX/tools
__MACOSX/tools/._advance_phase_gate.py,False,163,86,.py,__MACOSX,__MACOSX/tools
__MACOSX/tools/._authority_coverage_audit.py,False,163,86,.py,__MACOSX,__MACOSX/tools
__MACOSX/tools/._bootpack_sync_audit.py,False,163,86,.py,__MACOSX,__MACOSX/tools
__MACOSX/tools/._build_migration_artifacts.py,False,163,86,.py,__MACOSX,__MACOSX/tools
__MACOSX/tools/._content_redundancy_lint.py,False,163,86,.py,__MACOSX,__MACOSX/tools
__MACOSX/tools/._init_run_surface.py,False,163,86,.py,__MACOSX,__MACOSX/tools
__MACOSX/tools/._legacy_extract.py,False,163,86,.py,__MACOSX,__MACOSX/tools
__MACOSX/tools/._run_a0_compile_gate.py,False,163,86,.py,__MACOSX,__MACOSX/tools
__MACOSX/tools/._run_artifact_grammar_gate.py,False,163,86,.py,__MACOSX,__MACOSX/tools
__MACOSX/tools/._run_bridge_determinism_pair.py,False,163,86,.py,__MACOSX,__MACOSX/tools
__MACOSX/tools/._run_conformance_fixture_matrix.py,False,163,86,.py,__MACOSX,__MACOSX/tools
__MACOSX/tools/._run_evidence_ingest_gate.py,False,163,86,.py,__MACOSX,__MACOSX/tools
__MACOSX/tools/._run_graveyard_integrity_gate.py,False,163,86,.py,__MACOSX,__MACOSX/tools
__MACOSX/tools/._run_long_run_write_guard_gate.py,False,163,86,.py,__MACOSX,__MACOSX/tools
__MACOSX/tools/._run_loop_health_diagnostic.py,False,163,86,.py,__MACOSX,__MACOSX/tools
__MACOSX/tools/._run_phase_gate_pipeline.py,False,163,86,.py,__MACOSX,__MACOSX/tools
__MACOSX/tools/._run_real_loop_bridge_from_work.py,False,163,86,.py,__MACOSX,__MACOSX/tools
__MACOSX/tools/._run_release_candidate_gate.py,False,163,86,.py,__MACOSX,__MACOSX/tools
__MACOSX/tools/._run_replay_pair_gate.py,False,163,86,.py,__MACOSX,__MACOSX/tools
__MACOSX/tools/._run_spec_lock_gate.py,False,163,86,.py,__MACOSX,__MACOSX/tools
__MACOSX/tools/._spec_lint.py,False,163,86,.py,__MACOSX,__MACOSX/tools
__MACOSX/tools/._sprawl_guard.py,False,163,86,.py,__MACOSX,__MACOSX/tools
__MACOSX/tools/__pycache__/._advance_phase_gate.cpython-313.pyc,False,163,86,.pyc,__MACOSX,__MACOSX/tools
__MACOSX/tools/__pycache__/._bootpack_sync_audit.cpython-313.pyc,False,163,86,.pyc,__MACOSX,__MACOSX/tools
__MACOSX/tools/__pycache__/._init_run_surface.cpython-313.pyc,False,163,86,.pyc,__MACOSX,__MACOSX/tools
__MACOSX/tools/__pycache__/._run_a0_compile_gate.cpython-313.pyc,False,163,86,.pyc,__MACOSX,__MACOSX/tools
__MACOSX/tools/__pycache__/._run_artifact_grammar_gate.cpython-313.pyc,False,163,86,.pyc,__MACOSX,__MACOSX/tools
__MACOSX/tools/__pycache__/._run_bridge_determinism_pair.cpython-313.pyc,False,163,86,.pyc,__MACOSX,__MACOSX/tools
__MACOSX/tools/__pycache__/._run_conformance_fixture_matrix.cpython-313.pyc,False,163,86,.pyc,__MACOSX,__MACOSX/tools
__MACOSX/tools/__pycache__/._run_evidence_ingest_gate.cpython-313.pyc,False,163,86,.pyc,__MACOSX,__MACOSX/tools
__MACOSX/tools/__pycache__/._run_graveyard_integrity_gate.cpython-313.pyc,False,163,86,.pyc,__MACOSX,__MACOSX/tools
__MACOSX/tools/__pycache__/._run_long_run_write_guard_gate.cpython-313.pyc,False,163,86,.pyc,__MACOSX,__MACOSX/tools
__MACOSX/tools/__pycache__/._run_loop_health_diagnostic.cpython-313.pyc,False,163,86,.pyc,__MACOSX,__MACOSX/tools
__MACOSX/tools/__pycache__/._run_phase_gate_pipeline.cpython-313.pyc,False,163,86,.pyc,__MACOSX,__MACOSX/tools
__MACOSX/tools/__pycache__/._run_real_loop_bridge_from_work.cpython-313.pyc,False,163,86,.pyc,__MACOSX,__MACOSX/tools
__MACOSX/tools/__pycache__/._run_release_candidate_gate.cpython-313.pyc,False,163,86,.pyc,__MACOSX,__MACOSX/tools
__MACOSX/tools/__pycache__/._run_replay_pair_gate.cpython-313.pyc,False,163,86,.pyc,__MACOSX,__MACOSX/tools
__MACOSX/tools/__pycache__/._run_spec_lock_gate.cpython-313.pyc,False,163,86,.pyc,__MACOSX,__MACOSX/tools
a2_derived_indices_noncanonical,True,0,0,,a2_derived_indices_noncanonical,a2_derived_indices_noncanonical
a2_derived_indices_noncanonical/README.md,False,429,270,.md,a2_derived_indices_noncanonical,a2_derived_indices_noncanonical/README.md
a2_derived_indices_noncanonical/brain_manifest.yaml,False,1905,594,.yaml,a2_derived_indices_noncanonical,a2_derived_indices_noncanonical/brain_manifest.yaml
a2_derived_indices_noncanonical/contradictions.yaml,False,65,64,.yaml,a2_derived_indices_noncanonical,a2_derived_indices_noncanonical/contradictions.yaml
a2_derived_indices_noncanonical/decisions.yaml,False,65,64,.yaml,a2_derived_indices_noncanonical,a2_derived_indices_noncanonical/decisions.yaml
a2_derived_indices_noncanonical/memory_log.000.jsonl,False,222,181,.jsonl,a2_derived_indices_noncanonical,a2_derived_indices_noncanonical/memory_log.000.jsonl
a2_derived_indices_noncanonical/pending_actions.yaml,False,65,64,.yaml,a2_derived_indices_noncanonical,a2_derived_indices_noncanonical/pending_actions.yaml
a2_derived_indices_noncanonical/thread_seals.000.jsonl,False,344,201,.jsonl,a2_derived_indices_noncanonical,a2_derived_indices_noncanonical/thread_seals.000.jsonl
a2_state,True,0,0,,a2_state,a2_state
a2_state/INTENT_SUMMARY.md,False,16272,6790,.md,a2_state,a2_state/INTENT_SUMMARY.md
a2_state/MODEL_CONTEXT.md,False,22880,8303,.md,a2_state,a2_state/MODEL_CONTEXT.md
a2_state/constraint_surface.json,False,980,279,.json,a2_state,a2_state/constraint_surface.json
a2_state/doc_index.json,False,20968,8806,.json,a2_state,a2_state/doc_index.json
a2_state/fuel_queue.json,False,220860,29549,.json,a2_state,a2_state/fuel_queue.json
a2_state/memory.jsonl,False,46426,15808,.jsonl,a2_state,a2_state/memory.jsonl
a2_state/rosetta.json,False,6616,762,.json,a2_state,a2_state/rosetta.json
conformance,True,0,0,,conformance,conformance
conformance/.DS_Store,False,6148,275,,conformance,conformance/.DS_Store
conformance/fixtures_v1,True,0,0,,conformance,conformance/fixtures_v1
conformance/fixtures_v1/.DS_Store,False,6148,272,,conformance,conformance/fixtures_v1
conformance/fixtures_v1/README.md,False,354,226,.md,conformance,conformance/fixtures_v1
conformance/fixtures_v1/expected_outcomes.json,False,4372,807,.json,conformance,conformance/fixtures_v1
conformance/fixtures_v1/fixtures,True,0,0,,conformance,conformance/fixtures_v1
conformance/fixtures_v1/fixtures/FIX_DEP_001_FORWARD_REFERENCE_PARK.txt,False,412,215,.txt,conformance,conformance/fixtures_v1
conformance/fixtures_v1/fixtures/FIX_DERIVED_001_PRIMITIVE_USE_REJECT.txt,False,638,252,.txt,conformance,conformance/fixtures_v1
conformance/fixtures_v1/fixtures/FIX_EVID_001_PASS_EXISTING_PENDING_TOKEN.txt,False,328,146,.txt,conformance,conformance/fixtures_v1
conformance/fixtures_v1/fixtures/FIX_EVID_002_REJECT_UNKNOWN_TARGET.txt,False,328,142,.txt,conformance,conformance/fixtures_v1
conformance/fixtures_v1/fixtures/FIX_FORMULA_001_GLYPH_REJECT.txt,False,754,263,.txt,conformance,conformance/fixtures_v1
conformance/fixtures_v1/fixtures/FIX_LEX_001_UNDEFINED_COMPONENT_PARK.txt,False,457,220,.txt,conformance,conformance/fixtures_v1
conformance/fixtures_v1/fixtures/FIX_MSG_001_PASS_COMMAND_REPORT_STATE.txt,False,21,23,.txt,conformance,conformance/fixtures_v1
conformance/fixtures_v1/fixtures/FIX_MSG_002_REJECT_PROSE_PLUS_COMMAND.txt,False,27,29,.txt,conformance,conformance/fixtures_v1
conformance/fixtures_v1/fixtures/FIX_NEAR_001_PARK_NEAR_DUPLICATE.txt,False,979,277,.txt,conformance,conformance/fixtures_v1
conformance/fixtures_v1/fixtures/FIX_PROBE_001_PRESSURE_PARK.txt,False,4406,551,.txt,conformance,conformance/fixtures_v1
conformance/fixtures_v1/fixtures/FIX_SCHEMA_001_BAD_EXPORT_HEADER_REJECT.txt,False,181,118,.txt,conformance,conformance/fixtures_v1
conformance/fixtures_v1/fixtures/FIX_UNDEF_001_TERM_REJECT.txt,False,652,266,.txt,conformance,conformance/fixtures_v1
conformance/fixtures_v1/manifest.json,False,298,220,.json,conformance,conformance/fixtures_v1
conformance/fixtures_v1/observed_results.template.json,False,196,137,.json,conformance,conformance/fixtures_v1
public_facing_docs,True,0,0,,public_facing_docs,public_facing_docs
public_facing_docs/00_PUBLIC_FACING_SYSTEM_INTENT_AND_CONSTRAINTS_ON_INTERPRETATION_v1.md,False,2905,1491,.md,public_facing_docs,public_facing_docs/00_PUBLIC_FACING_SYSTEM_INTENT_AND_CONSTRAINTS_ON_INTERPRETATION_v1.md
public_facing_docs/01_PUBLIC_FACING_LAYERED_ARCHITECTURE_AND_ENTROPY_BOUNDARY_v1.md,False,3302,1605,.md,public_facing_docs,public_facing_docs/01_PUBLIC_FACING_LAYERED_ARCHITECTURE_AND_ENTROPY_BOUNDARY_v1.md
public_facing_docs/02_PUBLIC_FACING_FLOWMIND_A3_HOSTING_INTERFACE_CONTRACT_v1.md,False,2723,1415,.md,public_facing_docs,public_facing_docs/02_PUBLIC_FACING_FLOWMIND_A3_HOSTING_INTERFACE_CONTRACT_v1.md
specs,True,0,0,,specs,specs
specs/.DS_Store,False,6148,272,,specs,specs/.DS_Store
specs/00_MANIFEST.md,False,1989,945,.md,specs,specs/00_MANIFEST.md
specs/01_REQUIREMENTS_LEDGER.md,False,11946,4695,.md,specs,specs/01_REQUIREMENTS_LEDGER.md
specs/02_OWNERSHIP_MAP.md,False,1771,896,.md,specs,specs/02_OWNERSHIP_MAP.md
specs/03_B_KERNEL_SPEC.md,False,5753,2691,.md,specs,specs/03_B_KERNEL_SPEC.md
specs/04_A0_COMPILER_SPEC.md,False,6938,3027,.md,specs,specs/04_A0_COMPILER_SPEC.md
specs/05_A1_STRATEGY_AND_REPAIR_SPEC.md,False,7478,3530,.md,specs,specs/05_A1_STRATEGY_AND_REPAIR_SPEC.md
specs/06_SIM_EVIDENCE_AND_TIERS_SPEC.md,False,3450,1694,.md,specs,specs/06_SIM_EVIDENCE_AND_TIERS_SPEC.md
specs/07_A2_OPERATIONS_SPEC.md,False,4480,1984,.md,specs,specs/07_A2_OPERATIONS_SPEC.md
specs/08_PIPELINE_AND_STATE_FLOW_SPEC.md,False,2649,1464,.md,specs,specs/08_PIPELINE_AND_STATE_FLOW_SPEC.md
specs/09_CONFORMANCE_AND_REDUNDANCY_GATES.md,False,2437,1186,.md,specs,specs/09_CONFORMANCE_AND_REDUNDANCY_GATES.md
specs/10_INITIAL_AUDIT_REPORT.md,False,2659,1134,.md,specs,specs/10_INITIAL_AUDIT_REPORT.md
specs/11_MIGRATION_HANDOFF_SPEC.md,False,1278,686,.md,specs,specs/11_MIGRATION_HANDOFF_SPEC.md
specs/12_BOOTPACK_SYNC_AUDIT_SPEC.md,False,1188,681,.md,specs,specs/12_BOOTPACK_SYNC_AUDIT_SPEC.md
specs/13_CONTENT_REDUNDANCY_LINT_SPEC.md,False,871,495,.md,specs,specs/13_CONTENT_REDUNDANCY_LINT_SPEC.md
specs/14_A_THREAD_BOOTPACK_PROJECTION.md,False,2834,1454,.md,specs,specs/14_A_THREAD_BOOTPACK_PROJECTION.md
specs/15_ROSETTA_AND_MINING_ARTIFACTS.md,False,3888,1635,.md,specs,specs/15_ROSETTA_AND_MINING_ARTIFACTS.md
specs/16_ZIP_SAVE_AND_TAPES_SPEC.md,False,4540,2061,.md,specs,specs/16_ZIP_SAVE_AND_TAPES_SPEC.md
specs/17_BOOTPACK_THREAD_B_v3.9.13_ENFORCEABLE_CONTRACT_EXTRACT_FOR_IMPLEMENTATION_v1.md,False,20098,6701,.md,specs,specs/17_BOOTPACK_THREAD_B_v3.9.13_ENFORCEABLE_CONTRACT_EXTRACT_FOR_IMPLEMENTATION_v1.md
specs/18_A1_WIGGLE_EXECUTION_CONTRACT.md,False,5152,2227,.md,specs,specs/18_A1_WIGGLE_EXECUTION_CONTRACT.md
specs/19_A2_PERSISTENT_BRAIN_AND_CONTEXT_SEAL_CONTRACT.md,False,5129,2109,.md,specs,specs/19_A2_PERSISTENT_BRAIN_AND_CONTEXT_SEAL_CONTRACT.md
specs/20_CONTROLLED_TUNING_AND_UPGRADE_CONTRACT.md,False,4005,1807,.md,specs,specs/20_CONTROLLED_TUNING_AND_UPGRADE_CONTRACT.md
specs/21_IMPLEMENTATION_BUILD_SEQUENCE_AND_ACCEPTANCE_MATRIX.md,False,4584,1978,.md,specs,specs/21_IMPLEMENTATION_BUILD_SEQUENCE_AND_ACCEPTANCE_MATRIX.md
specs/22_RUN_SURFACE_TEMPLATE_AND_SCAFFOLDER_CONTRACT.md,False,8250,2538,.md,specs,specs/22_RUN_SURFACE_TEMPLATE_AND_SCAFFOLDER_CONTRACT.md
specs/23_BOOTPACK_CONFORMANCE_FIXTURE_MATRIX_CONTRACT.md,False,3254,1475,.md,specs,specs/23_BOOTPACK_CONFORMANCE_FIXTURE_MATRIX_CONTRACT.md
specs/_normative_hash_baseline.json,False,120,106,.json,specs,specs/_normative_hash_baseline.json
specs/reports,True,0,0,,specs,specs/reports
specs/reports/authority_extract_report.json,False,2656,623,.json,specs,specs/reports
specs/reports/authority_gap_report.json,False,2645,623,.json,specs,specs/reports
specs/reports/bootpack_sync_report.json,False,856,504,.json,specs,specs/reports
specs/reports/content_redundancy_report.json,False,3703,722,.json,specs,specs/reports
specs/reports/legacy_extract_report.json,False,99518,19019,.json,specs,specs/reports
specs/reports/migration_inventory.json,False,4394,653,.json,specs,specs/reports
specs/reports/migration_mapping.json,False,6423,910,.json,specs,specs/reports
specs/reports/migration_promotion_report.json,False,213,141,.json,specs,specs/reports
specs/reports/migration_unknowns.json,False,3,5,.json,specs,specs/reports
specs/reports/normative_hash_report.json,False,319,231,.json,specs,specs/reports
specs/reports/orphan_requirements_report.json,False,32,30,.json,specs,specs/reports
specs/reports/owner_collision_report.json,False,32,30,.json,specs,specs/reports
specs/reports/redundancy_report.json,False,182,85,.json,specs,specs/reports
tools,True,0,0,,tools,tools
tools/.DS_Store,False,6148,270,,tools,tools/.DS_Store
tools/__pycache__,True,0,0,,tools,tools/__pycache__
tools/__pycache__/advance_phase_gate.cpython-313.pyc,False,10003,5126,.pyc,tools,tools/__pycache__
tools/__pycache__/bootpack_sync_audit.cpython-313.pyc,False,6832,3725,.pyc,tools,tools/__pycache__
tools/__pycache__/init_run_surface.cpython-313.pyc,False,7137,3671,.pyc,tools,tools/__pycache__
tools/__pycache__/run_a0_compile_gate.cpython-313.pyc,False,7211,3922,.pyc,tools,tools/__pycache__
tools/__pycache__/run_artifact_grammar_gate.cpython-313.pyc,False,4494,2511,.pyc,tools,tools/__pycache__
tools/__pycache__/run_bridge_determinism_pair.cpython-313.pyc,False,9153,4465,.pyc,tools,tools/__pycache__
tools/__pycache__/run_conformance_fixture_matrix.cpython-313.pyc,False,9941,5233,.pyc,tools,tools/__pycache__
tools/__pycache__/run_evidence_ingest_gate.cpython-313.pyc,False,5513,3122,.pyc,tools,tools/__pycache__
tools/__pycache__/run_graveyard_integrity_gate.cpython-313.pyc,False,6133,3440,.pyc,tools,tools/__pycache__
tools/__pycache__/run_long_run_write_guard_gate.cpython-313.pyc,False,6965,3915,.pyc,tools,tools/__pycache__
tools/__pycache__/run_loop_health_diagnostic.cpython-313.pyc,False,5952,3199,.pyc,tools,tools/__pycache__
tools/__pycache__/run_phase_gate_pipeline.cpython-313.pyc,False,7854,3820,.pyc,tools,tools/__pycache__
tools/__pycache__/run_real_loop_bridge_from_work.cpython-313.pyc,False,25030,12180,.pyc,tools,tools/__pycache__
tools/__pycache__/run_release_candidate_gate.cpython-313.pyc,False,6448,3453,.pyc,tools,tools/__pycache__
tools/__pycache__/run_replay_pair_gate.cpython-313.pyc,False,6895,3487,.pyc,tools,tools/__pycache__
tools/__pycache__/run_spec_lock_gate.cpython-313.pyc,False,3808,2270,.pyc,tools,tools/__pycache__
tools/advance_phase_gate.py,False,7226,2137,.py,tools,tools/advance_phase_gate.py
tools/authority_coverage_audit.py,False,6624,2295,.py,tools,tools/authority_coverage_audit.py
tools/bootpack_sync_audit.py,False,6116,1964,.py,tools,tools/bootpack_sync_audit.py
tools/build_migration_artifacts.py,False,6635,1926,.py,tools,tools/build_migration_artifacts.py
tools/content_redundancy_lint.py,False,5207,1739,.py,tools,tools/content_redundancy_lint.py
tools/init_run_surface.py,False,5489,1757,.py,tools,tools/init_run_surface.py
tools/legacy_extract.py,False,3922,1400,.py,tools,tools/legacy_extract.py
tools/run_a0_compile_gate.py,False,5421,1755,.py,tools,tools/run_a0_compile_gate.py
tools/run_artifact_grammar_gate.py,False,3294,1171,.py,tools,tools/run_artifact_grammar_gate.py
tools/run_bridge_determinism_pair.py,False,6296,1943,.py,tools,tools/run_bridge_determinism_pair.py
tools/run_conformance_fixture_matrix.py,False,7215,2205,.py,tools,tools/run_conformance_fixture_matrix.py
tools/run_evidence_ingest_gate.py,False,4193,1396,.py,tools,tools/run_evidence_ingest_gate.py
tools/run_graveyard_integrity_gate.py,False,4194,1450,.py,tools,tools/run_graveyard_integrity_gate.py
tools/run_long_run_write_guard_gate.py,False,4686,1632,.py,tools,tools/run_long_run_write_guard_gate.py
tools/run_loop_health_diagnostic.py,False,3502,1274,.py,tools,tools/run_loop_health_diagnostic.py
tools/run_phase_gate_pipeline.py,False,6933,1832,.py,tools,tools/run_phase_gate_pipeline.py
tools/run_real_loop_bridge_from_work.py,False,19369,5023,.py,tools,tools/run_real_loop_bridge_from_work.py
tools/run_release_candidate_gate.py,False,5184,1612,.py,tools,tools/run_release_candidate_gate.py
tools/run_replay_pair_gate.py,False,5018,1438,.py,tools,tools/run_replay_pair_gate.py
tools/run_spec_lock_gate.py,False,2836,1029,.py,tools,tools/run_spec_lock_gate.py
tools/spec_lint.py,False,9251,2500,.py,tools,tools/spec_lint.py
tools/sprawl_guard.py,False,929,499,.py,tools,tools/sprawl_guard.py
